,,trackId,trackId,trackId,trackId,trackId,trackId,trackId,trackId
,,count,mean,std,min,25%,50%,75%,max
location,vehicleClass,,,,,,,,
2,car,96.0,441.15625,313.7854556397613,23.0,185.75,363.0,636.75,1254.0
2,truck,2.0,216.0,141.4213562373095,116.0,166.0,216.0,266.0,316.0
2,van,2.0,255.5,290.62088706767105,50.0,152.75,255.5,358.25,461.0
5,car,82.0,618.4268292682926,446.9670087664467,5.0,171.5,625.0,1038.5,1396.0
6,car,1.0,611.0,,611.0,611.0,611.0,611.0,611.0
6,van,1.0,798.0,,798.0,798.0,798.0,798.0,798.0
